season,avg_ride_length
Fall,14.51524758387164
Spring,15.497054556735907
Summer,17.108133937421446
Winter,12.427784035779695
