time_of_day,avg_ride_length
Afternoon,13.608340189018534
Evening,17.064012179290557
Morning,14.694253871526335
Night,15.106401244224967
